File,Length X,Length Y,Time
pair_1.txt,2,2,2.1500018192455173e-05
pair_10.txt,11,11,14.993106600013562
pair_11.txt,12,12,81.10562330001267
pair_12.txt,13,13,462.17094469998847
pair_2.txt,3,3,2.6399997295811772e-05
pair_3.txt,4,4,0.00011549997725524008
pair_4.txt,5,5,0.0006031999946571887
pair_5.txt,6,6,0.0029799999902024865
pair_6.txt,7,7,0.01629329999559559
pair_7.txt,8,8,0.10801349999383092
pair_8.txt,9,9,0.48614560000714846
pair_9.txt,10,10,2.590930500009563
