File,Length X,Length Y,Time
pair_1.txt,2,2,1.8399994587525725e-05
pair_10.txt,11,11,6.880000000819564e-05
pair_11.txt,12,12,7.770000956952572e-05
pair_12.txt,13,13,8.58000130392611e-05
pair_2.txt,3,3,1.3499986380338669e-05
pair_3.txt,4,4,1.7299986211583018e-05
pair_4.txt,5,5,2.4399982066825032e-05
pair_5.txt,6,6,3.270001616328955e-05
pair_6.txt,7,7,3.679998917505145e-05
pair_7.txt,8,8,4.25000034738332e-05
pair_8.txt,9,9,4.959999932907522e-05
pair_9.txt,10,10,6.6100008552894e-05
