File,Length X,Length Y,Time
pair_1.txt,2,2,2.090001362375915e-05
pair_10.txt,11,11,0.00011950000771321356
pair_11.txt,12,12,0.00011860000086016953
pair_12.txt,13,13,0.00013349999790079892
pair_2.txt,3,3,1.8399994587525725e-05
pair_3.txt,4,4,2.0700012100860476e-05
pair_4.txt,5,5,2.300000051036477e-05
pair_5.txt,6,6,3.369999467395246e-05
pair_6.txt,7,7,3.950000973418355e-05
pair_7.txt,8,8,4.260000423528254e-05
pair_8.txt,9,9,4.8600020818412304e-05
pair_9.txt,10,10,0.00017059998936019838
